environment,eaag_sr,v2_no_llm_sr,llm_contribution_pp
WebShop,43.8,43.7,0.09999999999999432
TWExpress,99.0,99.2,-0.20000000000000284
APPS,66.0,65.8,0.20000000000000284
HotpotQA,95.2,95.8,-0.5999999999999943
FEVER,49.8,40.7,9.099999999999994
Plancraft,23.3,27.2,-3.9
